{"running": false, "t1_count": 5589, "t2_count": 5589, "t3_count": 23, "raw_q_size": 1, "filtered_q_size": 1, "systolic": 119.8, "diastolic": 81.1, "map_val": 94.0, "elapsed": 30.0, "t1_rate": 185.7, "t2_rate": 185.7, "t3_rate": 0.791, "cpu_usage": 26.8, "memory_usage": 70.4, "speedup": 0.0, "efficiency": 0.08, "benchmark_seq": 0.012, "benchmark_par": 5.2168, "raw_samples": [0.014066141569862828, 0.006233470629167099, -0.1510106129368896, 0.001469189902700907, 0.1210219541959395, 0.03123474468124885, -0.11032436538758306, -0.022664215175643175, 0.12884990383158387, 0.034106089493427263, -0.10130762823475847, 0.0482041911553602, 0.060620979324433846, -0.06938618918821494, -0.030354962722646803, 0.021051852825746797, 0.07120105632578402, -0.02738356968465144, -0.13796843060210975, -0.07234735090121279, 0.06983005676352153, 0.012894146035772276, -0.07606078099111035, -0.053750516730141445, 0.10312080995059478, 0.005166548117592325, -0.13197323551873366, 0.05621392113700816, 0.11415168227841724, 0.027399629553687264, -0.05663326122744551, 0.006377799765338165, 0.08008108980265184, 0.04856489897590568, -0.0942018810501068, -0.07940939280664845, 0.08029685691713048, 0.03633837568427184, -0.10064342431971757, -0.048474039855561125, 0.03350623320744013, -0.004404747608630777, -0.06886005542275975, 0.0007599306977230586, 0.10583255823840818, 0.040241262038577405, -0.087551317507769, -0.003848336849679579, 0.08747453312713509, -0.06037398265641226, -0.05276876114667067, -0.04535554835103958, 0.11817380409078476, -0.016339722015733638, -0.08549899895878613, 0.04487052200613508, 0.04852146402450123, 0.05126976652918199, -0.06807204630118668, 0.04826172455892964, 0.07235699941518131, 0.03516762436548206, -0.05987144640601909, 0.003817129437061684, 0.04393912468407631, -0.006144759674920844, -0.03330466293852196, -0.010193101205544942, 0.14098481644702102, -0.006305961358491106, -0.1154154816605921, -0.019555090586550205, 0.13692843742017016, 0.08932580509793306, -0.025284968780846878, -0.02104097635431911, 0.076258704260939, 0.013910196472921747, -0.061760629519145266, -0.016998631372436866, 0.09886958304946802, -0.050731982932110786, -0.01687939091815932, -0.004112187728734256, 0.1074886448839823, -0.008231384987615357, -0.0318878997696293, -0.0160010474898247, 0.13266173888055885, 0.03374155369687851, -0.057920063789468165, 0.05600062372066171, 0.09429229001759483, 0.006461678761583245, -0.0727072645321134, 0.012578609964160162, 0.07553123358757075, 0.03782979994637764, -0.10166989527983103, -0.022734071730953324, 0.08993530219870105, -0.02035298233083898, -0.12602531452491506, 0.006097998762195236, 0.11092151711441303, -0.017198725625679697, -0.10943675936815923, 0.03991208571577094, 0.10904219355781974, 0.0462181705149962, -0.08444425349790989, 0.018655016892898394, 0.10342300641219046, -0.052716541341692326, -0.05040398794260281, 0.06514762746118138, 0.13319243559074717, 0.06913617552287224, -0.014912902837282027, -0.05361761502893651, 0.10117223978969869, -0.006268396122569941, -0.12072781583564264, -0.0333857581623301, 0.11143545091431602, 0.03963843167884626, -0.03515732406858035, -0.026788842721116684, 0.1203169894040041, 0.0067364694829490784, -0.10679795102028651, 0.0073799270783408725, 0.06227112487436591, 0.03755537379458339, -0.006008041961367977, 0.003946199192171442, 0.013937460335079463, -0.0347800487661796, -0.05132857140797174, 0.05868073172048691, 0.0863835622824794, 0.06846938388648527, -0.0876519992644848, -0.012574451777477487, 0.045799612715641216, 0.08641512813574322, 0.017876798631895355, 0.04610417936005112, 0.1018869391866463, 0.0049455587130561775, -0.017887237174071063, 0.07803425847133288, 0.07848465079429177, 0.055001910204542, -0.17260279357772632, 0.028839184412002554, 0.15022214179149837, 0.014101292951720718, -0.1583128902573319, 0.031614988482596765, 0.06525684179150348, -0.0469418489372883, -0.16054820645679763, -0.024850849067463415, 0.0851516879849012, -0.01905338574895221, -0.1134489027500715, -0.007758142346207901, 0.11763199972757224, 0.021670804224064553, -0.07292094699965956, 0.007951571370425323, 0.12097541048870661, 0.024518735668750413, -0.056405111109977514, 0.04742764159599305, 0.06893841648039116, 0.013312824941898711, -0.06941021639361644, -0.03869948012264915, 0.10085370477145905, -0.12465259261921004, -0.0738196415062744, -0.05006981713107466, 0.16160510354777513, -0.045979651688036555, -0.04520745289032297, 0.01459750614070859, 0.08397733197716464, 0.04174479474713172, -0.07508725210976407, -0.029637770346640634, 0.0409684674767818, -0.028514989540066638, -0.04598676743866086, -0.06297400402759691, 0.1113515345078719, -0.02563378498136098, -0.021947306750318023, -0.03381885942871905, 0.1747184334334761, -0.005665530305593094, -0.10192040172985722, 0.05455057868185705, 0.09120964031864655, -0.01290474634285846, -0.02815461805538673, -0.00926608696434178, 0.10252880175131954, 0.05006983265927253, -0.03465903422914265, -0.09361119096983153, 0.02125054885749581, 0.015532438479962404, -0.09108788003413712, -0.0041876544917163, 0.08186973774135527, 0.044227617663682765, -0.08044632202352481, -0.012845510562349427, 0.06253860007141895, 0.07301933446833803, -0.1353758482519895, 0.022739371755969844, 0.061990218154036325, 0.03643191018138091, -0.0177232080346341, -0.04151941873872618, 0.016167965321978908, 0.0211720322990558, -0.06614841295175347, 0.03617325292125232, 0.051067548283160895, -0.05085122729481401, -0.04423225097185955, 0.0034143390802921472, 0.010238268453752142, -0.014850516055167438, -0.06271627557790413, 0.05642428417883146, 0.07814652820181059, 0.016742195171128856, -0.10623285409603041, -0.053870767516293314, 0.11453955340407442, 1.6731475817449866e-05, -0.07144631100607375, -0.072717624304636, 0.096338027319293, -0.04096387722207833, -0.025514116700542176, 0.01696340434157358, 0.05103995130821243, 0.008122003727434539, -0.058068333023489856, -0.007149344203792354, 0.08965457068392216, -0.002392307855204104, -0.11654864574463708, -0.05154975140661488, 0.07062938100840868, 0.010347375983298395, -0.10155931455994407, -0.02273084012175059, 0.0633468131917497, 0.010401771607303925, -0.08287802459657678, 0.03300446331327172, 0.10244235353552987, 0.027930183947591475, -0.17155233385301774, -0.022539384531654636, 0.10148430718222161, 0.07133599985812368, -0.09177943344980788, 0.06487325554354285, 0.10615980662380253, 0.025110515717244056, -0.10953873361587116, 0.006621315549306146, 0.07220472727877139, 0.1069742249985899, -0.13094513962709578, 0.005766319695437417, 0.0452236468615188, 0.06145873178647255, -0.044898146958528014, -0.015365762744546544, 0.09953949762267347, 0.0006086470491624722, -0.06623580968390382, -0.03036765544424003, 0.06729685798537853, -0.005222555313853532, -0.12545056114018294, 0.06712040224601921, 0.05230052671294803, 0.010667559344901366, -0.06330167460583873, -0.027438613724924246],