{"running": false, "t1_count": 5322, "t2_count": 5322, "t3_count": 20, "raw_q_size": 1, "filtered_q_size": 1, "systolic": 106.3, "diastolic": 86.1, "map_val": 92.8, "elapsed": 30.0, "t1_rate": 176.2, "t2_rate": 176.2, "t3_rate": 0.679, "cpu_usage": 91.4, "memory_usage": 92.3, "speedup": 0.01, "efficiency": 0.18, "benchmark_seq": 0.0281, "benchmark_par": 5.2107, "raw_samples": [0.0778435341702643, -0.05365975500909167, 0.012814593847542905, 0.0915299139888919, 0.004445480178023656, -0.05823909288086748, -0.014425759076760707, 0.1462016549613916, 0.04217959143831034, -0.10890585032765392, -0.028163931476827667, 0.05279120110710556, -0.06361665592474589, -0.09189508057092825, -0.05132409059386632, 0.1237475187364167, 0.048172922078375695, -0.05450078450885816, 0.07541232204808869, 0.0826636093128146, 0.018151145505620504, -0.10203457077485917, -0.08451712778846471, 0.049409968851368405, -0.008494901139563506, -0.12341539599934688, 0.01583601896954096, 0.0746856253656489, -0.003242131370816104, -0.10606483525683974, -0.04338535394735569, 0.05487037365454711, -0.04160906700361351, -0.0940090817979906, 0.012949015896880798, 0.0805522780579058, 0.058404383596363345, -0.015648794877886327, -0.0059495911389239285, 0.11221028164890495, 0.0005147766555254398, -0.06498400179983004, -0.02989125012020363, 0.11688002399118892, -0.008312814521280732, -0.054271785834137026, -0.017298590497917068, 0.0826922891146272, -0.0039144600125870085, -0.08723431222896257, -0.008284064247696364, 0.11982196729245495, 0.004131378036620926, -0.04001660205279342, 0.023082617112473346, 0.06758560300608757, -0.02242392103474838, -0.07320203656815433, 0.012810470271998933, 0.15024754592299583, -0.005784113331706518, -0.1378296906346545, 0.02780564826696971, 0.0549675853294878, 0.11189330992531946, -0.06966281417713446, 0.036396596278029505, 0.09227798039833612, 0.01465575223002147, 0.057368392656276024, -0.012820429375496378, 0.08432197346984295, -0.04396096516146171, -0.11904944296829842, 0.029082185530328084, 0.10377016960536975, -0.046697765863583186, -0.10097936606972042, 0.04162880049524515, 0.08766694705557901, -0.017673593072812802, -0.11348965902845023, 0.09991623392427593, -0.0007141734694916801, -0.05481873472162379, -0.09969429720055575, 0.10213587667079783, 0.11255776802991851, 0.006735146891724894, -0.08108315563179583, 0.004558752826805656, 0.034624815353578225, -0.06299289918181468, -0.10232586765714578, -0.023816289479988897, 0.11255292868594687, -0.021575974029699484, -0.04490717981879921, -0.06756304679028946, 0.053533326008493226, -0.031514011218221887, -0.00716942984118317, 0.03366981083052035, 0.11231255974046071, 0.07334182062167997, -0.0637459177985264, -0.012219260894924809, 0.09158577909441715, -0.004504310583355511, -0.10622534610394707, -0.008409978765605, 0.08553332859828558, -0.021083237243788175, -0.07694691799547182, 0.07444026582163, 0.08396062382841739, 0.016507157759785885, -0.03985167467294867, -0.006937141369576808, 0.0588352830712867, 0.01724118951106225, -0.09311359929301968, 0.035166344361906444, 0.013157382935175252, 0.04510891803153565, -0.07042201120682656, -0.03163762814356545, 0.09498318212340415, 0.05550505665278425, -0.08337018657585264, -0.034848580171120205, 0.09462731075575821, -0.018733953088369115, -0.0800358226240068, -0.016346341830706417, 0.056092527628978456, 0.025768482782581568, -0.055046228395467876, -0.013971816648288744, 0.08796885505910267, -0.03067738350494303, -0.07748285699291552, -0.08440051589515198, 0.0697643383740277, -0.04446246617754438, -0.030107175263319727, 0.05793961912649858, 0.09810353020818541, -0.006585083944316765, -0.08661776603572367, -0.02793214729380707, 0.08154079177015922, 0.05198136050529583, -0.017871991827680234, -0.14891359582715144, 0.056355586560252566, -0.01387885677842495, -0.12177310724795626, -0.014477283818060658, 0.03603426894062813, 0.026081832376457306, -0.06265299296419843, -0.013005681949941889, 0.022328533906214997, 0.028273081000133832, -0.0891692682035846, 0.03435276865184744, 0.0884255016938043, 0.00972073659817683, -0.05185845590103844, -0.0158757166528838, 0.07801857743537378, 0.03416508136183387, -0.08654344542501494, -0.03328362382855794, 0.07160068810449889, 0.0032144154469343315, -0.028045171436890615, 0.04443498443305176, 0.1046852950151688, 0.022444854268111342, -0.022915362629580507, 0.048988248200422184, 0.04572274226382757, -0.0014284970962871741, -0.07987280299286857, -0.050642180546661086, 0.07388351000038662, 0.006597076190420056, -0.10673203615290824, 0.027479650217274297, 0.06453463831501628, -0.0013167118545956416, -0.044341255367795804, 0.037577572769528465, 0.09635941141306303, -0.0439941570019786, -0.07553380308923326, 0.002722703555037193, 0.07714973711371464, -0.02260364486409866, -0.08757127434620272, 0.0008962737837509061, 0.14419367270261196, -0.00969325614408436, -0.05774731248445818, 0.031574472808108954, 0.08158441620462355, 0.0807381522512715, -0.12230854361641921, -0.07369488802891126, 0.03642542398810251, -0.028020338066488966, -0.06724489944188289, 0.006781775954512907, 0.06546395820229062, -0.037742523339200064, -0.1452218989540715, -0.01828712064573274, 0.06862635308152719, -0.0031659056387409877, -0.08697271548031008, 0.011530040815839878, 0.055754001846311414, 0.014844259314569227, -0.0946237127586534, 0.017900313707508362, 0.08408552256636076, 0.046755031374099226, -0.08845692546521428, 0.03094529486047584, 0.04968492386672697, -0.06584295726357602, -0.0873917888337196, -0.010416683150013761, 0.155691449911494, 0.002565377206715572, -0.10542719352102295, 0.0631228689383603, 0.061086135064594815, -0.00967234133732502, -0.1001749472496836, 0.007463729028702254, 0.1694682764573069, 0.029631860711824724, -0.07920432598758465, -0.049187738116634815, 0.0633851143087694, -0.05544960846519824, -0.07208570251542892, -0.00841739145972921, 0.07013811029220066, 0.02559820264920419, -0.06829015147687126, 0.051771430682767836, 0.03323227706479701, -0.03543755489846942, -0.053538161625866464, 0.0018082443710714798, 0.07634097063764637, 0.07735972509788679, -0.11934375691608418, 0.0033553927431705277, 0.1405973441713459, -0.005090079974730094, -0.020107952378353687, -0.003961735831011843, 0.05412046970563254, -0.0028968296632751857, -0.04842896586098065, 0.006339157316301859, 0.08296508397910407, 0.03784960348334302, -0.1070695083044414, 0.01895858816277126, 0.10502939313325968, 0.011913827843718673, -0.08645373336380596, -0.019228878648548657, 0.08975381007566824, -0.05477661121855904, -0.14471534456914764, -0.031074504769593357, 0.07373420541375848, 0.0032969822858530356, -0.05069878402978319, 0.03772565817893792, 0.09020925026356581, 0.010978066202566937, -0.10550141770125566, 0.0245984508198565, 0.03913062136393898, 0.08328142598814116, -0.030876359934354877, 0.04270131780467376, 0.08084385024485356, -0.04265412240938052, -0.10182936869959093, 0.04435751225455055, 0.08110576519021749],